review,label
This product is amazing! It exceeded my expectations in every way.,genuine
I would never recommend this to anyone. It's a complete waste of money.,fake
Laptop is good.,fake
The service at this restaurant was exceptional. The staff was friendly and attentive.,genuine
I suspect that the positive reviews for this movie are fake. It was terrible.,fake
The quality of the product is subpar. It broke after just a few uses.,fake
I'm extremely satisfied with my purchase. The item arrived on time and in perfect condition.,genuine
The claims made by this company are misleading and deceptive. Don't fall for it.,fake
This restaurant exceeded my expectations in every aspect.,geniune
csjncanasj,fake
The food was absolutely delicious. with a perfect blend of flavors and high-quality ingredients.,genuine
The food was of good quality.,genuine
Bad Quality Food,genuine
Tasty and delicious,genuine
The food is delicious, genuine
2 girls 1 cup 2g1c 4r5e 5h1t 5hit a$$ a$$hole a_s_s a2m a54 ass asshole aeolus ahole alabama hot pocket alaskan pipeline anal anal impaler anal leakage analannie analprobe analsex anilingus anus apeshit ar5e areola areole arian arrse arse arsehole aryan ass ass fuck ass hole assault assbag assbagger assbandit assbang assbanged assbanger assbangs assbite assblaster assclown asscock asscracker asses assface assfaces assfuck assfucker ass-fucker assfukka assgoblin assh0le asshat ass-hat asshead assho1e asshole assholes asshopper asshore ass-jabber assjacker assjockey asskiss asskisser assklown asslick asslicker asslover assman assmaster assmonkey assmucus assmunch assmuncher assnigger asspacker asspirate ass-pirate asspuppies assranger assshit assshole asssucker asswad asswhole asswhore asswipe asswipes auto erotic autoerotic axwound azazel azz b!tch b00bs b17ch b1tch babe babeland babes baby batter baby juice badfuck ball gag ball gravy ball kicking ball licking ball sack ball sucking ballbag balllicker balls ballsack bampot bang bang (one's) box bangbros banger banging bareback barely legal barenaked barf barface barfface bastard bastardo bastards bastinado batty boy bawdy bazongas bazooms bbw bdsm beaner beaners beardedclam beastial beastiality beatch beater beatyourmeat beaver beaver cleaver beaver lips beef curtain beef curtains beer beeyotch bellend bender beotch bestial bestiality bi+ch biatch bicurious big black big breasts big knockers big tits bigbastard bigbutt bigger bigtits bimbo bimbos bint birdlock bisexual bi-sexual bitch bitch tit bitchass bitched bitcher bitchers bitches bitchez bitchin bitching bitchtits bitchy black cock blonde action blonde on blonde action bloodclaat bloody bloody hell blow blow job blow me blow mud blow your load blowjob blowjobs blue waffle blumpkin boang bod bodily bogan bohunk boink boiolas bollick bollock bollocks bollok bollox bomd bondage bone boned boner boners bong boob boobies boobs booby booger bookie boong boonga booobs boooobs booooobs booooooobs bootee bootie booty booty call booze boozer boozy bosom bosomy bowel bowels bra brassiere breast breastjob breastlover breastman breasts breeder brotherfucker brown showers brunette action buceta bugger buggered buggery bukkake bull shit bullcrap bulldike bulldyke bullet vibe bullshit bullshits bullshitted bullturds bum bum boy bumblefuck bumclat bumfuck bummer bung bung hole bunga bunghole bunny fucker bust a load busty butchdike butchdyke butt butt fuck butt plug buttbang butt-bang buttcheeks buttface buttfuck butt-fuck buttfucka buttfucker butt-fucker butthead butthole buttman buttmuch buttmunch buttmuncher butt-pirate buttplug c.0.c.k c.o.c.k. c.u.n.t c0ck c-0-c-k c0cksucker caca cahone camel toe cameltoe camgirl camslut camwhore carpet muncher carpetmuncher cawk cervix chesticle chi-chi man chick with a dick child-fucker chin chinc chincs chink chinky choad choade choc ice chocolate rosebuds chode chodes chota bags cipa circlejerk cl1t cleveland steamer climax clit clit licker clitface clitfuck clitoris clitorus clits clitty clitty litter clogwog clover clamps clunge clusterfuck cnut cocain cocaine cock c-o-c-k cock pocket cock snot cock sucker cockass cockbite cockblock cockburger cockeye cockface cockfucker cockhead cockholster cockjockey cockknocker cockknoker cocklicker cocklover cocklump cockmaster cockmongler cockmongruel cockmonkey cockmunch cockmuncher cocknosecocknugget cocks cockshit cocksmith cocksmoke cocksmoker cocksniffer cocksucer cocksuck cocksuck cocksucked cocksucker cock-sucker cocksuckers cocksucking cocksucks cocksuka cocksukka cockwaffle coffin dodger coital cok cokmuncher coksucka commie condom coochie coochy coon coonnass coons cooter cop some wood coprolagnia coprophilia corksucker cornhole corp whore cox crabs crack cracker crackwhore crack-whore crap crappy creampie cretin crikey cripple crotte cum cum chugger cum dumpster cum freak cum guzzler cumbubble cumdump cumdumpster cumguzzler cumjockey cummer cummin cumming cums cumshot cumshots cumslut cumstain cumtart cunilingus cunillingus cunn cunnie cunnilingus cunntt cunny cunt c-u-n-t cunt hair cuntass cuntbag cuntface cuntfuck cuntfucker cunthole cunthunter cuntlick cuntlick cuntlicker cuntlicker cuntlicking cuntrag cunts cuntsicle cuntslut cunt-struck cuntsucker cut rope cyalis cyberfuc cyberfuck cyberfucked cyberfucker cyberfuckers cyberfucking cybersex d0ng d0uch3 d0uche d1ck d1ld0 fucking d1ldo dago dagos dammit damn damned damnit darkie darn date rape daterape dawgie-style deep throat motherfucker deepthroat deggo dendrophilia dick dick head dick hole dick shy dickbag dickbeaters dickbrain dickdipper dickface dickflipper dickfuck dickfucker dickhead dickheads dickhole dickish dick-ish dickjuice dickmilk dickmonger dickripper dicks dicksipper dickslap dick-sneeze dicksucker dicksucking dicktickler dickwad dickweasel dickweed dickwhipper dickwod dickzipper diddle dike dildo dildos diligaf dillweed dimwit dingle dingleberries dingleberry dink dinks dipship dipshit dirsa dirty dirty pillows dirty sanchez dlck dog style dog-fucker doggie style doggiestyle doggie-style doggin dogging doggy style doggystyle doggy-style dolcett domination.,fake
This product is amazing! It exceeded my expectations in every way.,genuine
I would never recommend this to anyone. It's a complete waste of money.,fake
the food is tasty., genuine
The service at this restaurant was exceptional. The staff was friendly and attentive.,genuine
I suspect that the positive reviews for this movie are fake. It was terrible.,fake
The quality of the product is subpar. It broke after just a few uses.,fake
I'm extremely satisfied with my purchase. The item arrived on time and in perfect condition.,genuine
The claims made by this company are misleading and deceptive. Don't fall for it.,fake
This restaurant exceeded my expectations in every aspect.,genuine
The food was absolutely delicious. with a perfect blend of flavors and high-quality ingredients.,genuine
The food was of good quality.,genuine
Bad Quality Food,genuine
Tasty and delicious,fake
This restaurant is the worst! The food was terrible and the service was incredibly slow. I would never recommend it to anyone.,fake
I had an amazing dining experience at this restaurant. The food was delicious and the service was top-notch. I highly recommend trying their signature dish.,genuine
The food was absolutely delicious! Every bite was a burst of flavors.,genuine
The service was excellent. The staff was friendly and attentive.,genuine
I highly recommend trying their signature dish. It's a true culinary delight.,genuine
The ambiance of the restaurant was charming and inviting.,genuine
The portion sizes were generous and the prices were reasonable.,genuine
I had a wonderful dining experience. The food service and atmosphere were top-notch.,genuine
The presentation of the dishes was impressive. They truly looked like works of art.,genuine
The flavors were well-balanced and the ingredients were fresh and of high quality.,genuine
The restaurant had a great selection of vegetarian options.,genuine
The staff went above and beyond to accommodate my dietary restrictions.,genuine
The service was extremely slow and the waitstaff seemed disinterested.,fake
The food was terrible. It tasted bland and had a strange aftertaste.,fake
I found a hair in my food. It was a disgusting experience.,fake
The restaurant was dirty and poorly maintained.,fake
The prices were exorbitant for the quality of food served.,fake
The dishes were poorly cooked and lacked any flavor.,fake
The portions were tiny. I left the restaurant feeling hungry.,fake
The restaurant was overcrowded and it was difficult to find a seat.,fake
The menu was limited and the options were uninspiring.,fake
The wait time for a table was ridiculously long even with a reservation.,fake
The food at this restaurant is consistently excellent. I've never been disappointed.,genuine
The staff was attentive and knowledgeable providing great recommendations.,geuine
The atmosphere was cozy and welcoming perfect for a relaxing meal.,genuine
The flavors in each dish were well-balanced and truly satisfied my taste buds.,genuine
The portion sizes were generous and I left feeling completely satisfied.,genuine
The desserts were heavenly a perfect way to end a delicious meal.,genuine
The restaurant sources its ingredients locally ensuring freshness and quality.,genuine
The wine list was extensive offering a great selection to complement the meal.,genuine
The restaurant had a great view creating a memorable dining experience.,genuine
The attention to detail in plating and presentation made the meal even more enjoyable.,genuine
The food was tasteless and seemed like it had been reheated multiple times.,fake
The waitstaff was rude and inattentive showing no interest in providing good service.,fake
I found a foreign object in my food which was a huge turn-off.,fake
The cleanliness of the restaurant was questionable with dirty tables and sticky floors.,fake
The prices were outrageous for the quality of food and service provided.,fake
The dishes were poorly seasoned and lacked any creativity.,fake
The portions were tiny leaving me hungry and unsatisfied.,fake
The restaurant was noisy and overcrowded making it hard to have a conversation.,fake
The menu was limited and uninspiring offering nothing unique or exciting.,fake
The wait time for a table was unreasonable even with a reservation.,fake
I absolutely loved the flavors in the dishes. Each bite was a burst of deliciousness.,genuine
The service was prompt and friendly making us feel welcome from the moment we walked in.,genuine
The restaurant had a beautiful ambiance creating a romantic and intimate dining experience.,genuine
The chef's attention to detail in plating was impressive. The dishes were like works of art.,genuine
The seafood was incredibly fresh and cooked to perfection.,genuine
The restaurant had a great selection of vegetarian options catering to different dietary preferences.,genuine
The desserts were heavenly. I couldn't resist ordering seconds!,genuine
The staff went above and beyond to accommodate special dietary requests.,genuine
The restaurant had a great variety of cocktails perfect for happy hour.,genuine
The outdoor seating area was lovely allowing us to enjoy our meal while soaking up the sunshine.,genuine
The restaurant had a kids menu with tasty and healthy options making it a family-friendly place.,genuine
The waitstaff was knowledgeable about the menu and provided excellent recommendations.,genuine
The portion sizes were just right leaving us satisfied without feeling overly full.,genuine
The restaurant had a cozy fireplace creating a warm and inviting atmosphere.,genuine
The wine pairing suggestions with each dish were spot-on enhancing the dining experience.,genuine
The restaurant had a great selection of gluten-free options accommodating various dietary needs.,genuine
The live music in the background added to the overall ambiance and made for an enjoyable evening.,genuine
The restaurant offered a tasting menu allowing us to sample a variety of dishes.,genuine
The attention to detail in the service was impressive. The staff anticipated our needs without being intrusive.,genuine
The restaurant had a great view of the city skyline making it a perfect spot for a special occasion.,genuine
The food was bland and lacked any depth of flavor. I've had better microwave meals.,fake
The waitstaff was unprofessional and seemed more interested in chatting amongst themselves.,fake
I found a hair in my food which was a disgusting surprise.,fake
The restaurant had a strange smell making it hard to enjoy the meal.,fake
The prices were exorbitant with no justification for the quality of food.,fake
The dishes were poorly cooked and arrived at the table lukewarm.,fake
The portions were ridiculously small leaving me hungry and dissatisfied.,fake
The restaurant was poorly lit creating an unpleasant dining atmosphere.,fake
The menu lacked variety and creativity offering the same generic options found everywhere.,fake
The wait time for our food was unreasonable and we ended up leaving before it arrived.,fake
The restaurant had uncomfortable seating making it hard to relax and enjoy the meal.,fake
The server got our order wrong multiple times causing unnecessary delays and frustration.,fake
The food presentation was sloppy as if no effort was put into making it look appetizing.,fake
The restaurant had outdated decor and felt like it hadn't been renovated in years.,fake
The cocktails were poorly made and tasted like watered-down versions of the originals.,fake
The restaurant had limited vegetarian options making it difficult for non-meat eaters.,fake
The background music was too loud making conversation with my dining companions challenging.,fake
The food portions were inconsistent with some dishes being tiny and others overly large.,fake
The restaurant had unclean restrooms indicating a lack of attention to cleanliness overall.,fake
The waitstaff seemed disinterested in serving as if they were doing us a favor by taking our orders.,fake
The flavors of the dishes were perfectly balanced creating a delightful culinary experience.,genuine
The restaurant had a cozy and welcoming ambiance making it a great place to unwind.,genuine
The staff was attentive and went above and beyond to ensure our dining experience was exceptional.,genuine
The seafood was incredibly fresh and the dishes showcased the chef's expertise.,genuine
The menu offered a wide range of options to cater to different dietary preferences.,genuine
The desserts were decadent and a perfect ending to a delicious meal.,genuine
The restaurant had a great selection of wines allowing us to find the perfect pairing.,genuine
The presentation of the dishes was impressive showcasing the chef's creativity.,genuine
The portion sizes were generous ensuring we left the restaurant satisfied.,genuine
The service was prompt and friendly creating a pleasant and relaxed atmosphere.,genuine
The restaurant had a beautiful outdoor seating area offering a lovely view.,genuine
The vegetarian options were flavorful and well-executed proving that plant-based dishes can be exciting.,genuine
The attention to detail in every aspect of the dining experience was evident.,genuine
The restaurant had a great happy hour menu with tasty appetizers and drink specials.,genuine
The staff was knowledgeable about the menu and provided helpful recommendations.,genuine
The restaurant offered a prix fixe menu allowing us to explore a variety of dishes.,genuine
The ingredients used in the dishes were of high quality resulting in exceptional flavors.,genuine
The restaurant had a warm and inviting atmosphere making it a perfect spot for a romantic date.,genuine
The cocktails were expertly crafted showcasing the mixologist's skill and creativity.,genuine
The restaurant had a dedicated children's menu making it a family-friendly establishment.,genuine
The waitstaff was professional and attentive ensuring that our needs were met throughout the meal.,genuine
The restaurant had a comfortable and spacious dining area providing a pleasant dining environment.,genuine
The chef's specials were a highlight showcasing unique and innovative combinations of flavors.,genuine
The restaurant had a diverse menu catering to different cultural and culinary preferences.,genuine
The attention to detail in plating the dishes was impressive adding to the overall dining experience.,genuine
The food was tasteless and lacked any discernible flavors. It was a complete disappointment.,fake
The service was horrendous with waitstaff showing no interest in attending to our needs.,fake
I found foreign objects in my dish which was absolutely unacceptable.,fake
The restaurant had an unpleasant odor making it difficult to enjoy the meal.,fake
The prices were exorbitant for the quality of food served. It was not worth the money.,fake
The dishes were overcooked and dry resulting in a disappointing dining experience.,fake
The portion sizes were laughable leaving us hungry and unsatisfied.,fake
The restaurant had uncomfortable seating arrangements making it hard to relax and enjoy the meal.,fake
The menu was uninspired and lacked creativity offering the same generic options everywhere.,fake
The wait time for food was excessively long testing our patience and ruining the experience.,fake
The restaurant had dim lighting creating a gloomy and unappealing atmosphere.,fake
The server repeatedly got our orders wrong leading to confusion and frustration.,fake
The food presentation was sloppy and unappetizin as if no effort was put into it.,fake
The restaurant had outdated and worn-out decor giving it an unappealing appearance.,fake
The drinks were watered down and lacked any distinct flavors.,fake
The staff seemed disinterested and untrained providing a lackluster dining experience.,fake
The restaurant had a limited vegetarian selection making it challenging for non-meat eaters.,fake
The hygiene standards were questionable making us question the cleanliness of the kitchen.,fake
The restaurant had a noisy and chaotic atmosphere making it difficult to have a conversation.,fake
The food was bland and lacked seasoning leaving us disappointed and underwhelmed.,fake
The food was a symphony of flavors showcasing the chef's expertise in every bite.,genuine
The restaurant had a beautiful garden setting creating a serene and tranquil ambiance.,genuine
The staff was friendly and accommodating ensuring a pleasant dining experience.,genuine
The seafood was incredibly fresh making it a seafood lover's paradise.,genuine
The menu featured unique and creative dishes perfect for food enthusiasts.,genuine
The desserts were heavenly leaving us with a sweet and lasting impression.,genuine
The wine selection was extensive offering a variety of choices to pair with the meal.,genuine
The presentation of the dishes was artistic and visually appealing.,genuine
The portions were generous providing excellent value for money.,genuine
The service was attentive and efficient adding to the overall enjoyment.,genuine
The restaurant had an inviting and cozy ambiance ideal for intimate gatherings.,genuine
The vegetarian options were diverse and flavorful catering to all tastes.,genuine
The attention to detail in plating and garnishing was impressive.,genuine
The happy hour deals were fantastic allowing us to try various appetizers and drinks.,genuine
The staff was knowledgeable about the menu providing helpful suggestions.,genuine
The chef's specials were a delight offering unique and seasonal creations.,genuine
The ingredients used were of top-notch quality reflecting in the dishes' taste.,genuine
The restaurant had a romantic setting perfect for a special date night.,genuine
The cocktails were expertly crafted showcasing the mixologist's skills.,genuine
The restaurant had a kids' play area making it family-friendly and convenient for parents.,genuine
The waitstaff was attentive and friendly making us feel welcome and cared for.,genuine
The restaurant had a contemporary and stylish decor creating a modern dining experience.,genuine
The chef's attention to taste and texture was evident in every dish.,genuine
The menu offered international cuisine providing an array of choices for global flavors.,genuine
The desserts were a delightful surprise exceeding our expectations.,genuine
The food was tasteless and lacked any seasoning making it unappetizing.,fake
The service was abysmal with waitstaff ignoring our requests and needs.,fake
We found hair in our food a clear sign of poor hygiene and negligence.,fake
The restaurant had a foul smell which completely ruined the dining experience.,fake
The prices were outrageously high and the portions were tiny leaving us hungry.,fake
The dishes were overcooked and dry making them difficult to swallow.,fake
The portion sizes were laughably small making the meal a rip-off.,fake
The restaurant had uncomfortable seating leaving us with backaches.,fake
The menu was uninspired and predictable offering the same old options.,fake
The wait time for the food was excruciatingly long testing our patience.,fake
The restaurant had poor lighting creating an unpleasant and dim atmosphere.,fake
The server was rude and unprofessional ruining the entire dining experience.,fake
The food presentation was sloppy and unappealing lacking any finesse.,fake
The restaurant had outdated and shabby decor looking like it was from another era.,fake
The drinks were watered down and the cocktails tasted nothing like they should.,fake
The staff seemed disinterested showing a lack of enthusiasm for their work.,fake
The restaurant had limited vegetarian options leaving non-meat eaters unsatisfied.,fake
The cleanliness of the establishment was questionable raising concerns about hygiene.,fake
The restaurant had a noisy and chaotic atmosphere making conversation impossible.,fake
The food was bland and flavorless leaving us utterly disappointed and unimpressed.,fake
The service was slow and inefficient resulting in a frustrating dining experience.,fake
The restaurant had uncomfortable seating arrangements making it difficult to relax.,fake
The menu lacked variety and creativity offering nothing new or exciting.,fake
The waitstaff was inattentive and forgetful constantly getting our orders wrong.,fake
The restaurant had a dull and uninviting ambiance making it unappealing to dine in.,fake
fuck.,fake
Motherfucker,fake
fucking,fake
ass, fake
This Restaurant is Good., genuine
The Food was Amazing,genuine
The food was not that good but the staff was perfect.,genuine
This restaurant is motherfucker.,fake